trans,86
i,33
producto,23
stock,17
regla,17
tmp,13
log,11
bodega,9
tipo,8
cliente,6
motivo,5
operador,5
impresora,5
rol,5
empresa,5
sis,5
configuracion,5
propietario,4
montacarga,4
licencia,4
menu,4
proveedor,3
estructura,3
pais,3
inv,3
misc,3
tarifa,2
tms,2
unidad,2
us,2
resolucion,2
usuario,2
reglas,2
road,2
ajuste,2
zona,2
jornada,2
indicador,2
eo,2
font,2
horario,2
tarimas,1
temp,1
temparticuloclase,1
temparticulogrupo,1
temparticulotipo,1
tempcomparacioninventario,1
tempcomparativoinventario,1
cod,1
tipoconteo,1
tipoinventario,1
centro,1
campa,1
camara,1
transacciones,1
turno,1
ubicaciones,1
area,1
arancel,1
appointments,1
valores,1
verificacion,1
color,1
tarea,1
t,1
tablas,1
licencias,1
interface,1
p,1
indice,1
paises,1
perfil,1
pres,1
version,1
propietarios,1
impresion,1
talla,1
recuperacioninv,1
regimen,1
resources,1
resultado,1
diferencias,1
dh,1
simbologias,1
contenedor,1
comparacioninventario,1
sysdiagrams,1
mensaje,1
recuperacioninveo,1
marcaje,1
