mnt,93
reportes,48
crm,18
producto,17
servicios,14
inventario,10
recepcion,8
cotizacion,6
delivery,2
compra,2
P_linea_model.php,1
P_stock_model.php,1
Reporte_model.php,1
Sesion_model.php,1
Venta_detalle_model.php,1
Principal_model.php,1
Bitacora_model.php,1
Factura_model.php,1
Venta_model.php,1
D_nota_envio_bof_serie_model.php,1
D_nota_envio_bof_enc_model.php,1
D_nota_envio_bof_det_model.php,1
D_movd_model.php,1
D_mov_model.php,1
Cxp_model.php,1
Cxc_model.php,1
Centro_model.php,1
Catalogo_model.php,1
Firebase_model.php,1
Venta_serie_model.php,1
